{"cameraMode":{"drawMode":0,"name":"Shaded","section":"Shading Mode"},"sceneLighting":false,"audioPlay":false,"sceneViewState":{"showFog":true,"showMaterialUpdate":true,"showSkybox":false,"showFlares":true,"showImageEffects":true,"showParticleSystems":true},"in2DMode":false,"pivot":{"x":0.029253428801894189,"y":-0.40005138516426089,"z":0.2883785367012024},"rotation":{"x":-0.36688411235809328,"y":0.06164424493908882,"z":-0.024332761764526368,"w":-0.927947461605072},"size":0.9751198291778565,"orthographic":false}