{"cameraMode":{"drawMode":0,"name":"Shaded","section":"Shading Mode"},"sceneLighting":true,"audioPlay":false,"sceneViewState":{"showFog":true,"showMaterialUpdate":true,"showSkybox":true,"showFlares":true,"showImageEffects":true,"showParticleSystems":true},"in2DMode":false,"pivot":{"x":-94.99681854248047,"y":-54.305152893066409,"z":-46.751399993896487},"rotation":{"x":-0.12479710578918457,"y":0.8364835977554321,"z":-0.21354152262210847,"w":-0.4891662299633026},"size":95.28268432617188,"orthographic":false}