{"cameraMode":{"drawMode":0,"name":"Shaded","section":"Shading Mode"},"sceneLighting":true,"audioPlay":false,"sceneViewState":{"showFog":true,"showMaterialUpdate":true,"showSkybox":true,"showFlares":true,"showImageEffects":true,"showParticleSystems":true},"in2DMode":false,"pivot":{"x":1.699154019355774,"y":2.540400743484497,"z":0.5158565640449524},"rotation":{"x":-0.2036493569612503,"y":0.5827364921569824,"z":-0.1537407487630844,"w":-0.7716160416603088},"size":2.7247447967529299,"orthographic":false}