{"cameraMode":{"drawMode":0,"name":"Shaded","section":"Shading Mode"},"sceneLighting":true,"audioPlay":false,"sceneViewState":{"showFog":true,"showMaterialUpdate":true,"showSkybox":true,"showFlares":true,"showImageEffects":true,"showParticleSystems":true},"in2DMode":false,"pivot":{"x":8.54316520690918,"y":-51.94454574584961,"z":-43.35968780517578},"rotation":{"x":0.01946922577917576,"y":0.8851223587989807,"z":-0.46351900696754458,"w":0.03720812126994133},"size":44.601318359375,"orthographic":false}