{"cameraMode":{"drawMode":0,"name":"Shaded","section":"Shading Mode"},"sceneLighting":false,"audioPlay":false,"sceneViewState":{"showFog":true,"showMaterialUpdate":true,"showSkybox":false,"showFlares":true,"showImageEffects":true,"showParticleSystems":true},"in2DMode":false,"pivot":{"x":0.02199999988079071,"y":0.005999922752380371,"z":0.4599998891353607},"rotation":{"x":-0.6900781393051148,"y":-0.012786481529474259,"z":0.012213592417538166,"w":-0.723574697971344},"size":10.0,"orthographic":false}