{"cameraMode":{"drawMode":0,"name":"Shaded","section":"Shading Mode"},"sceneLighting":true,"audioPlay":false,"sceneViewState":{"showFog":true,"showMaterialUpdate":true,"showSkybox":true,"showFlares":true,"showImageEffects":true,"showParticleSystems":true},"in2DMode":false,"pivot":{"x":-19.948444366455079,"y":-25.5798282623291,"z":0.5307977199554443},"rotation":{"x":0.3193383812904358,"y":-0.6372419595718384,"z":0.328442245721817,"w":0.6198712587356567},"size":25.859769821166993,"orthographic":false}