{"cameraMode":{"drawMode":0,"name":"Shaded","section":"Shading Mode"},"sceneLighting":false,"audioPlay":false,"sceneViewState":{"showFog":true,"showMaterialUpdate":true,"showSkybox":false,"showFlares":true,"showImageEffects":true,"showParticleSystems":true},"in2DMode":false,"pivot":{"x":-0.21896350383758546,"y":-0.03153311833739281,"z":0.05505162104964256},"rotation":{"x":-0.22938819229602815,"y":0.49930843710899355,"z":-0.13895949721336366,"w":-0.8239201903343201},"size":0.6770066618919373,"orthographic":false}