{"cameraMode":{"drawMode":0,"name":"Shaded","section":"Shading Mode"},"sceneLighting":true,"audioPlay":false,"sceneViewState":{"showFog":true,"showMaterialUpdate":true,"showSkybox":true,"showFlares":true,"showImageEffects":true,"showParticleSystems":true},"in2DMode":false,"pivot":{"x":-106.77643585205078,"y":-89.7365493774414,"z":-14.172102928161621},"rotation":{"x":-0.22572672367095948,"y":0.7111390829086304,"z":-0.26239171624183657,"w":-0.6120775938034058},"size":82.51150512695313,"orthographic":false}