{"cameraMode":{"drawMode":0,"name":"Shaded","section":"Shading Mode"},"sceneLighting":true,"audioPlay":false,"sceneViewState":{"showFog":true,"showMaterialUpdate":true,"showSkybox":true,"showFlares":true,"showImageEffects":true,"showParticleSystems":true},"in2DMode":false,"pivot":{"x":3.2200801372528078,"y":-22.906776428222658,"z":4.384679794311523},"rotation":{"x":0.42789849638938906,"y":-0.4483579397201538,"z":0.25908756256103518,"w":0.7408924698829651},"size":60.9311637878418,"orthographic":false}