{"cameraMode":{"drawMode":0,"name":"Shaded","section":"Shading Mode"},"sceneLighting":true,"audioPlay":false,"sceneViewState":{"showFog":true,"showMaterialUpdate":true,"showSkybox":true,"showFlares":true,"showImageEffects":true,"showParticleSystems":true},"in2DMode":false,"pivot":{"x":-11.013279914855957,"y":-24.161495208740236,"z":18.494300842285158},"rotation":{"x":0.42639926075935366,"y":-0.254187673330307,"z":0.12629346549510957,"w":0.8589480519294739},"size":18.734764099121095,"orthographic":false}