{"cameraMode":{"drawMode":0,"name":"Shaded","section":"Shading Mode"},"sceneLighting":true,"audioPlay":false,"sceneViewState":{"showFog":true,"showMaterialUpdate":true,"showSkybox":true,"showFlares":true,"showImageEffects":true,"showParticleSystems":true},"in2DMode":false,"pivot":{"x":-6.1746954917907719,"y":-10.174619674682618,"z":7.251800060272217},"rotation":{"x":0.3738408386707306,"y":-0.4751419425010681,"z":0.23331646621227265,"w":0.7617192268371582},"size":9.504727363586426,"orthographic":false}