{"cameraMode":{"drawMode":0,"name":"Shaded","section":"Shading Mode"},"sceneLighting":true,"audioPlay":false,"sceneViewState":{"showFog":true,"showMaterialUpdate":true,"showSkybox":true,"showFlares":true,"showImageEffects":true,"showParticleSystems":true},"in2DMode":false,"pivot":{"x":16.708526611328126,"y":-194.3011016845703,"z":-23.42579460144043},"rotation":{"x":-0.6900781393051148,"y":-0.012786481529474259,"z":0.012213592417538166,"w":-0.723574697971344},"size":152.45046997070313,"orthographic":false}