{"cameraMode":{"drawMode":0,"name":"Shaded","section":"Shading Mode"},"sceneLighting":true,"audioPlay":false,"sceneViewState":{"showFog":true,"showMaterialUpdate":true,"showSkybox":true,"showFlares":true,"showImageEffects":true,"showParticleSystems":true},"in2DMode":false,"pivot":{"x":-69.6858901977539,"y":-140.1243133544922,"z":93.6384506225586},"rotation":{"x":-0.40157774090766909,"y":0.2801049053668976,"z":-0.1305573284626007,"w":-0.8622032403945923},"size":135.2271728515625,"orthographic":false}