{"cameraMode":{"drawMode":0,"name":"Shaded","section":"Shading Mode"},"sceneLighting":false,"audioPlay":false,"sceneViewState":{"showFog":true,"showMaterialUpdate":true,"showSkybox":false,"showFlares":true,"showImageEffects":true,"showParticleSystems":true},"in2DMode":false,"pivot":{"x":-0.024710536003112794,"y":-0.01598489284515381,"z":0.3761439621448517},"rotation":{"x":-0.19080427289009095,"y":0.6700624823570252,"z":-0.18433620035648347,"w":-0.6933341026306152},"size":0.4387853741645813,"orthographic":false}