{"cameraMode":{"drawMode":0,"name":"Shaded","section":"Shading Mode"},"sceneLighting":false,"audioPlay":false,"sceneViewState":{"showFog":true,"showMaterialUpdate":true,"showSkybox":false,"showFlares":true,"showImageEffects":true,"showParticleSystems":true},"in2DMode":false,"pivot":{"x":1.4753984212875367,"y":2.4356882572174074,"z":0.3034347891807556},"rotation":{"x":-0.2036493569612503,"y":0.5827364921569824,"z":-0.1537407487630844,"w":-0.7716160416603088},"size":1.261016845703125,"orthographic":false}