{"cameraMode":{"drawMode":0,"name":"Shaded","section":"Shading Mode"},"sceneLighting":false,"audioPlay":false,"sceneViewState":{"showFog":true,"showMaterialUpdate":true,"showSkybox":false,"showFlares":true,"showImageEffects":true,"showParticleSystems":true},"in2DMode":false,"pivot":{"x":0.15194761753082276,"y":0.2991630434989929,"z":0.8561447858810425},"rotation":{"x":-0.02746746689081192,"y":0.9725227355957031,"z":-0.17094634473323823,"w":-0.15591487288475038},"size":0.7387853860855103,"orthographic":false}