{"cameraMode":{"drawMode":0,"name":"Shaded","section":"Shading Mode"},"sceneLighting":false,"audioPlay":false,"sceneViewState":{"showFog":true,"showMaterialUpdate":true,"showSkybox":false,"showFlares":true,"showImageEffects":true,"showParticleSystems":true},"in2DMode":false,"pivot":{"x":-4.721519470214844,"y":-2.2530934810638429,"z":0.051480259746313098},"rotation":{"x":-0.09433455020189285,"y":0.6654120087623596,"z":-0.08528006821870804,"w":-0.7356263399124146},"size":4.530727386474609,"orthographic":false}