{"cameraMode":{"drawMode":0,"name":"Shaded","section":"Shading Mode"},"sceneLighting":true,"audioPlay":false,"sceneViewState":{"showFog":true,"showMaterialUpdate":true,"showSkybox":true,"showFlares":true,"showImageEffects":true,"showParticleSystems":true},"in2DMode":false,"pivot":{"x":27.71102523803711,"y":13.1175537109375,"z":8.528980255126954},"rotation":{"x":-0.49678507447242739,"y":-0.31034213304519656,"z":0.19609831273555757,"w":-0.7864495515823364},"size":25.844459533691408,"orthographic":false}