{"cameraMode":{"drawMode":0,"name":"Shaded","section":"Shading Mode"},"sceneLighting":true,"audioPlay":false,"sceneViewState":{"showFog":true,"showMaterialUpdate":true,"showSkybox":true,"showFlares":true,"showImageEffects":true,"showParticleSystems":true},"in2DMode":false,"pivot":{"x":-26.95559310913086,"y":-25.85734748840332,"z":1.121672511100769},"rotation":{"x":-0.3079572021961212,"y":-0.031079396605491639,"z":0.010096765123307705,"w":-0.9508759379386902},"size":61.95157241821289,"orthographic":false}