{"cameraMode":{"drawMode":0,"name":"Shaded","section":"Shading Mode"},"sceneLighting":false,"audioPlay":false,"sceneViewState":{"showFog":true,"showMaterialUpdate":true,"showSkybox":false,"showFlares":true,"showImageEffects":true,"showParticleSystems":true},"in2DMode":false,"pivot":{"x":2.525519371032715,"y":3.2330894470214845,"z":0.5577999353408814},"rotation":{"x":-0.206417053937912,"y":0.6443616151809692,"z":-0.18665701150894166,"w":-0.7123438119888306},"size":0.894443690776825,"orthographic":false}